UserID,Ten,Email,Pass,Role,Age,CreatedAt
1,Laura Martinez,clarkpaul@example.org,%o6VGrKe,user,33,2025-04-17 21:36:01
2,Cynthia Bond,brennanmichael@example.net,$3)Ee!Du,user,30,2023-05-14 18:25:31
3,Maureen Chan,stephanie31@example.com,$*M)4iPt,user,28,2023-10-22 17:43:43
4,Jason Murray,josephkrueger@example.net,)6Z!r$iW,user,25,2025-03-09 02:25:22
5,Elizabeth Horn,doylejason@example.com,#8Ub_Sa7,user,18,2024-04-03 18:01:29
6,Melanie Weeks,lisawoods@example.com,(1yN$GMb,user,18,2023-05-22 21:44:06
7,Maurice Gutierrez,whitethomas@example.org,@5nM4eNg,user,26,2023-07-09 16:14:55
8,Daniel Miller,snowcheryl@example.org,!M_r0+Lc,user,19,2024-04-05 13:17:36
9,Scott Gonzales,xhowell@example.net,D!2QVt4m,user,27,2025-03-23 05:11:45
10,Justin Davenport,ann20@example.com,m*q7lySq,user,24,2025-01-22 10:32:51
11,Daniel Carlson,meadowstiffany@example.com,Aa^4RMmJ,user,32,2024-05-27 00:59:10
12,Kristi Stewart,james46@example.org,_S0Bbrzq,user,31,2024-10-05 17:16:51
13,Courtney Owens,agarcia@example.com,&+6DHmu5,user,26,2025-04-18 06:11:47
14,Erica Munoz,tammymcguire@example.org,^z8Qtt^i,user,21,2023-06-29 09:03:33
15,Andrew Cox,tiffany73@example.net,(1Z+t5dC,user,23,2024-09-21 03:27:50
16,Lauren Allen,samuelobrien@example.net,m!I9NPvf,user,20,2025-03-03 11:54:43
17,Pamela Gutierrez,griffithandrew@example.org,0^8N9Upw,user,31,2024-10-18 10:55:35
18,Mark Ortega,lewiskevin@example.com,t*1Ojud$,user,25,2023-10-11 17:20:54
19,Christopher Gross,reynoldslindsey@example.org,B)6HGw+9,user,28,2023-06-07 09:23:54
20,Caitlin Wolf,sbrown@example.org,$#0S0vTw,user,20,2024-04-17 17:47:10
21,Sarah Taylor,abriggs@example.com,^u26rxFx,user,31,2025-03-23 21:00:36
22,Jennifer Dixon,archerjennifer@example.org,y@6HCruI,user,34,2024-06-29 00:09:28
23,Crystal Stout,duncankevin@example.net,5$N5Dqxp,user,29,2024-11-09 05:37:43
24,Timothy Phillips,jgarcia@example.com,B$9FwC8b,user,29,2024-09-03 04:43:27
25,Debra Wong,garybarton@example.com,9+1HQ2jC,user,28,2024-12-20 09:17:28
26,Sean Valdez,derek16@example.com,&9A8S6Ax,user,32,2024-01-06 16:14:27
27,Beth Mcbride,pbowman@example.org,P@6Mgzk#,user,30,2023-05-25 00:38:12
28,Kathy Gomez,april56@example.org,8#7^m_Vu,user,26,2023-07-05 01:28:46
29,Dr. Jaime Mathis II,chad43@example.org,4^!6NIx%,user,23,2025-03-15 10:40:48
30,Susan Smith,darrenmiller@example.com,%v+5OIl#,user,35,2023-12-07 14:18:36
31,Rebecca Stewart,jenniferwilson@example.com,O%6*T#ir,user,18,2024-01-25 16:02:47
32,Hannah Vazquez,vargasjames@example.org,x&6SSOXe,user,29,2024-03-29 07:06:29
33,Steven Wilson,katie31@example.net,@8ZIqJwM,user,30,2023-09-21 10:07:33
34,Katie Page,tiffany66@example.net,&1ftZ3Pg,user,21,2023-11-11 00:36:41
35,Amy Fischer,haasthomas@example.com,&&4LZoEL,user,24,2024-04-09 16:27:00
36,Erin Green,phelpsbenjamin@example.com,gg$17kYx,user,23,2023-12-01 06:18:53
37,Shannon Stephenson,bryceespinoza@example.net,t(q9DulP,user,23,2023-12-29 02:45:10
38,Margaret Chambers,amiller@example.com,&n$63Eim,user,31,2024-06-26 12:19:53
39,Samantha Hardin,danielwall@example.com,^x0Y7^na,user,20,2024-11-01 08:31:07
40,Jordan Cole,xmartin@example.net,%(93aKue,user,19,2024-11-17 12:59:12
41,Sandra Herrera,ashley74@example.com,B$32iKXk,user,34,2025-03-25 13:46:33
42,Matthew Lee,cory86@example.net,#8Yuz4vl,user,25,2025-03-04 13:39:51
43,Deborah Gray,zsanders@example.com,)2zVUL0v,user,24,2024-10-04 09:38:11
44,Dr. Megan Robinson DDS,lloydbrandon@example.net,#8IW5yha,user,25,2024-05-08 20:06:02
45,Randy Mccall,april00@example.org,_4UlpW$d,user,30,2023-08-27 12:05:00
46,Miss Deborah Stevens DVM,richardbuchanan@example.org,G_I8y@Ut,user,20,2024-05-03 09:17:12
47,Emma Bowers,velazquezrobert@example.net,v+%83*Hd,user,24,2023-09-24 00:31:59
48,David Austin,nmartin@example.net,_f0X5Zec,user,25,2025-04-16 11:25:43
49,Kim Wright,rcunningham@example.net,e#8ByPOR,user,28,2023-10-11 05:08:47
50,Rebecca Fox,moorecarolyn@example.net,S+D22IsT,user,25,2023-11-02 10:53:56
51,Brett Charles,dillonjames@example.net,%W0gH+yn,user,30,2025-01-06 09:31:25
52,Margaret Hobbs,milestanner@example.org,t5^2lTeA,user,31,2024-11-02 21:59:29
53,Carly Lewis,amyrobinson@example.com,Q$f_Y2Ck,user,35,2024-12-24 03:09:00
54,Roger Spears,jesusrios@example.net,(03T0@Yz,user,20,2024-07-02 22:00:32
55,Lisa Cohen,floyddavid@example.org,_G11FDSk,user,27,2023-10-19 08:31:30
56,Michael Sullivan,sarah74@example.org,@+M3rSft,user,33,2023-09-07 14:20:38
57,Joshua Lowe,hgutierrez@example.org,%2kM1(lp,user,18,2025-03-28 20:16:01
58,Bethany Blake,jamieblackwell@example.com,YQ)1OUJi,user,21,2023-11-29 01:30:12
59,Colton Jackson,andrewcontreras@example.org,I@0&VpfB,user,29,2024-07-04 23:12:35
60,Angel Madden,cookjeremy@example.org,!5^hGvmY,user,34,2024-11-13 14:14:45
61,Kelly Combs,pricetyrone@example.org,JI$1u5Pi,user,28,2023-06-01 02:16:30
62,Kenneth Short,lowevickie@example.com,Ab(9LeGR,user,32,2023-07-21 21:45:16
63,Kristina Vargas,perkinsnichole@example.com,T@Sg1DTd,user,27,2023-06-06 11:58:59
64,Justin Davis,rebecca59@example.net,$b_s0Ewx,user,21,2024-01-12 23:35:49
65,Brian Graves,robertclark@example.net,j)K9V1ni,user,33,2023-09-26 01:03:11
66,Michelle Allen,maryhall@example.org,(331Wsql,user,35,2024-11-13 02:14:48
67,Denise Chaney,michele90@example.org,^6AXtFx3,user,32,2024-06-21 12:51:23
68,Francisco Powell,markvargas@example.com,$B8cHaCy,user,30,2025-04-27 03:06:08
69,Andrew Kelly,kristin86@example.org,%60&7lSv,user,35,2024-11-19 20:35:11
70,Lisa Martinez,gabrielle66@example.org,FT#7Bz+I,user,22,2024-07-19 16:22:56
71,Michael Scott,raymond91@example.com,)9C8asBe,user,19,2024-01-31 11:48:13
72,Wayne Bridges,janet81@example.net,^6JCsf_0,user,28,2024-09-14 06:52:29
73,Andrea Jones,zchristensen@example.net,+1X(NTf&,user,22,2023-06-12 13:34:18
74,Jorge Goodwin,amanda20@example.org,Ot$1Lx#3,user,21,2023-06-05 10:04:43
75,Timothy Dawson,cherryjoseph@example.net,&3VySJ1q,user,24,2025-04-09 10:10:42
76,Kelly Hernandez,tammy55@example.com,n@Yx6XPl,user,32,2024-09-14 14:07:48
77,Sierra Trevino DDS,cmueller@example.com,+S(*6CQn,user,23,2024-06-07 20:21:11
78,Julie Jimenez,ghess@example.org,D7!7GGwm,user,34,2024-05-10 15:04:37
79,Sarah Watkins MD,andrewobrien@example.com,n#e#9Y3g,user,21,2023-09-18 13:38:40
80,Jamie Navarro,kgonzalez@example.org,N)7MZ+mJ,user,23,2025-04-04 06:08:49
81,Beverly Lee,tamara62@example.com,^3@ZIEcL,user,33,2024-11-25 09:05:51
82,Justin Savage,theresa38@example.com,qX&1Aoqu,user,31,2024-12-05 01:38:43
83,Christine Hoffman,boyercourtney@example.com,6&k1anDa,user,33,2023-08-16 05:36:51
84,Jennifer Novak,hjenkins@example.net,+0gM9akX,user,23,2025-04-02 08:41:02
85,Erin Chen,wcummings@example.net,(tFB7GUm,user,21,2024-10-01 05:29:37
86,Christopher Grant,jonathan25@example.net,#8Gx^_ER,user,31,2023-06-05 15:51:50
87,Kristen Riley,omacias@example.com,z+#1DOxh,user,24,2025-05-04 05:41:09
88,Yolanda Grant,crawfordlindsay@example.net,uZ)Ka1Wx,user,24,2023-11-27 02:56:39
89,Stephanie White,ebrown@example.org,(1X5E&f$,user,24,2024-11-03 01:09:06
90,Marc Miller,hshelton@example.com,_0dYuv)p,user,20,2023-06-26 23:14:22
91,Gloria Mills,opowell@example.com,9(O%62Md,user,31,2024-04-08 07:10:41
92,Allison Kelly,ricardowest@example.com,_N!0yLe1,user,28,2023-06-14 15:07:06
93,Shaun Copeland,cainfrank@example.com,G#Z0HPg#,user,24,2023-07-01 17:14:53
94,Karen White,gnorris@example.net,^Oz8MQvE,user,26,2024-07-15 12:49:00
95,Brandon Castro,ashleyperez@example.org,Pe&6BelH,user,18,2023-11-29 12:15:36
96,Antonio King,samanthahorn@example.org,S@y$19Ko,user,19,2024-11-25 05:17:22
97,Zoe Navarro,brownbrenda@example.net,F*1v!QRp,user,34,2023-10-17 23:32:34
98,Carrie Blevins,rebecca90@example.com,P#9*CTCm,user,33,2024-12-04 07:06:10
99,Jeremy Caldwell,robert89@example.org,+3Zn18Ni,user,20,2024-02-22 09:16:19
100,Gregory Baker,evanschase@example.net,W$0E9Qwv,user,32,2024-09-08 12:56:20
